{
  "external_uncalibrated": {
    "DecisionTree": {
      "accuracy": 0.4935064935064935,
      "precision": 0.8625,
      "recall": 0.1864864864864865,
      "f1_score": 0.30666666666666664,
      "roc_auc": 0.7733135574598989,
      "brier_score": 0.3194110574437175
    },
    "LogisticRegression": {
      "accuracy": 0.711038961038961,
      "precision": 0.9137931034482759,
      "recall": 0.572972972972973,
      "f1_score": 0.7043189368770764,
      "roc_auc": 0.8516150296638101,
      "brier_score": 0.20627854006283936
    },
    "RandomForest": {
      "accuracy": 0.6574675324675324,
      "precision": 0.9035532994923858,
      "recall": 0.4810810810810811,
      "f1_score": 0.6278659611992945,
      "roc_auc": 0.8364590199956052,
      "brier_score": 0.2153288532534482
    },
    "XGBoost": {
      "accuracy": 0.612012987012987,
      "precision": 0.9281045751633987,
      "recall": 0.3837837837837838,
      "f1_score": 0.5430210325047801,
      "roc_auc": 0.8195891012964183,
      "brier_score": 0.2292201817035675
    }
  },
  "external_calibrated_v2": {
    "DecisionTree": {
      "accuracy": 0.4935064935064935,
      "precision": 0.8625,
      "recall": 0.1864864864864865,
      "f1_score": 0.30666666666666664,
      "roc_auc": 0.7733135574598989,
      "brier_score": 0.23092405575908964,
      "brier_ci": {
        "mean": 0.23082555616348052,
        "lower": 0.2202172536679831,
        "upper": 0.24141411437084223,
        "std": 0.005286268344444748
      }
    },
    "LogisticRegression": {
      "accuracy": 0.7483766233766234,
      "precision": 0.8745644599303136,
      "recall": 0.6783783783783783,
      "f1_score": 0.7640791476407914,
      "roc_auc": 0.8516150296638101,
      "brier_score": 0.16948605802105302,
      "brier_ci": {
        "mean": 0.16926607528815718,
        "lower": 0.15329155846331236,
        "upper": 0.18658271068747775,
        "std": 0.008367854088409832
      }
    },
    "RandomForest": {
      "accuracy": 0.7483766233766234,
      "precision": 0.8391167192429022,
      "recall": 0.7189189189189189,
      "f1_score": 0.7743813682678311,
      "roc_auc": 0.8364590199956052,
      "brier_score": 0.17322353333425838,
      "brier_ci": {
        "mean": 0.17297694126675434,
        "lower": 0.15942052285305208,
        "upper": 0.18667723723589047,
        "std": 0.0069778624185549845
      }
    },
    "XGBoost": {
      "accuracy": 0.7224025974025974,
      "precision": 0.8099688473520249,
      "recall": 0.7027027027027027,
      "f1_score": 0.7525325615050651,
      "roc_auc": 0.8195891012964183,
      "brier_score": 0.18399811119776993,
      "brier_ci": {
        "mean": 0.18391643149476714,
        "lower": 0.1718698979945662,
        "upper": 0.19603917428887016,
        "std": 0.0062387809562585135
      }
    }
  },
  "temperature_params": {
    "DecisionTree": 2.09935836976632,
    "LogisticRegression": 1.0672147357958979,
    "RandomForest": 0.8928783767884937,
    "XGBoost": 0.9032185754321487
  },
  "per_site_brier": {
    "DecisionTree": {
      "Hungary": {
        "brier": 0.2110829494665544,
        "n": 293,
        "prevalence": 0.36177474402730375
      },
      "Switzerland": {
        "brier": 0.09529027762996671,
        "n": 123,
        "prevalence": 0.9349593495934959
      },
      "VA Long Beach": {
        "brier": 0.23746418632234687,
        "n": 200,
        "prevalence": 0.745
      }
    },
    "LogisticRegression": {
      "Hungary": {
        "brier": 0.15054470384434446,
        "n": 293,
        "prevalence": 0.36177474402730375
      },
      "Switzerland": {
        "brier": 0.05749749368224578,
        "n": 123,
        "prevalence": 0.9349593495934959
      },
      "VA Long Beach": {
        "brier": 0.19954892283885975,
        "n": 200,
        "prevalence": 0.745
      }
    },
    "RandomForest": {
      "Hungary": {
        "brier": 0.16558369057474404,
        "n": 293,
        "prevalence": 0.36177474402730375
      },
      "Switzerland": {
        "brier": 0.05464781085746575,
        "n": 123,
        "prevalence": 0.9349593495934959
      },
      "VA Long Beach": {
        "brier": 0.1757549357338395,
        "n": 200,
        "prevalence": 0.745
      }
    },
    "XGBoost": {
      "Hungary": {
        "brier": 0.18522041488962893,
        "n": 293,
        "prevalence": 0.36177474402730375
      },
      "Switzerland": {
        "brier": 0.05571155874181193,
        "n": 123,
        "prevalence": 0.9349593495934959
      },
      "VA Long Beach": {
        "brier": 0.17648433044168363,
        "n": 200,
        "prevalence": 0.745
      }
    }
  }
}