{
  "internal_results": {
    "DecisionTree": {
      "accuracy": 0.8478260869565217,
      "precision": 1.0,
      "recall": 0.6666666666666666,
      "f1_score": 0.8,
      "roc_auc": 0.8857142857142856,
      "brier_score": 0.11658985102191494
    },
    "LogisticRegression": {
      "accuracy": 0.8913043478260869,
      "precision": 0.9,
      "recall": 0.8571428571428571,
      "f1_score": 0.8780487804878049,
      "roc_auc": 0.9390476190476191,
      "brier_score": 0.09749534581059095
    },
    "RandomForest": {
      "accuracy": 0.8260869565217391,
      "precision": 0.8421052631578947,
      "recall": 0.7619047619047619,
      "f1_score": 0.8,
      "roc_auc": 0.9295238095238095,
      "brier_score": 0.1097581048423238
    },
    "XGBoost": {
      "accuracy": 0.8260869565217391,
      "precision": 0.8823529411764706,
      "recall": 0.7142857142857143,
      "f1_score": 0.7894736842105263,
      "roc_auc": 0.9199999999999999,
      "brier_score": 0.12000275403261185
    }
  },
  "cv_results": {
    "DecisionTree": {
      "mean": 0.7848083609925716,
      "std": 0.068570180672386
    },
    "LogisticRegression": {
      "mean": 0.836904110588321,
      "std": 0.07061069513832668
    },
    "RandomForest": {
      "mean": 0.8067251461988304,
      "std": 0.07168455306346519
    },
    "XGBoost": {
      "mean": 0.8104792575380811,
      "std": 0.06620894401378681
    }
  }
}