{
  "age": {
    "ks_stat": 0.07798333741729968,
    "p_value": 0.275233588489305,
    "shifted": false
  },
  "trestbps": {
    "ks_stat": 0.09005145797598628,
    "p_value": 0.14399134107674186,
    "shifted": false
  },
  "chol": {
    "ks_stat": 0.29505635873560404,
    "p_value": 1.24178756345158e-12,
    "shifted": true
  },
  "thalch": {
    "ks_stat": 0.31686473903455037,
    "p_value": 1.565660289444434e-14,
    "shifted": true
  },
  "oldpeak": {
    "ks_stat": 0.13703749081107572,
    "p_value": 0.004735216291409609,
    "shifted": true
  },
  "sex_Female": {
    "ks_stat": 0.15385322224944867,
    "p_value": 0.0009887409714734328,
    "shifted": true
  },
  "sex_Male": {
    "ks_stat": 0.15385322224944867,
    "p_value": 0.0009887409714734328,
    "shifted": true
  },
  "cp_asymptomatic": {
    "ks_stat": 0.09029649595687332,
    "p_value": 0.1419755559001251,
    "shifted": false
  },
  "cp_atypical angina": {
    "ks_stat": 0.02043004165645675,
    "p_value": 0.99999950711519,
    "shifted": false
  },
  "cp_non-anginal": {
    "ks_stat": 0.08674344523401127,
    "p_value": 0.17362811296084152,
    "shifted": false
  },
  "cp_typical angina": {
    "ks_stat": 0.023983092379318796,
    "p_value": 0.999965496571642,
    "shifted": false
  },
  "fbs_False": {
    "ks_stat": 0.02833251654006371,
    "p_value": 0.9991397591850846,
    "shifted": false
  },
  "fbs_True": {
    "ks_stat": 0.02833251654006371,
    "p_value": 0.9991397591850846,
    "shifted": false
  },
  "restecg_lv hypertrophy": {
    "ks_stat": 0.43344155844155846,
    "p_value": 3.1737842738637554e-27,
    "shifted": true
  },
  "restecg_normal": {
    "ks_stat": 0.15406763048272482,
    "p_value": 0.0009681129676840767,
    "shifted": true
  },
  "restecg_st-t abnormality": {
    "ks_stat": 0.27937392795883365,
    "p_value": 2.3446947613840673e-11,
    "shifted": true
  },
  "exang_False": {
    "ks_stat": 0.0656089193825043,
    "p_value": 0.48127713399840005,
    "shifted": false
  },
  "exang_True": {
    "ks_stat": 0.0656089193825043,
    "p_value": 0.48127713399840005,
    "shifted": false
  },
  "slope_downsloping": {
    "ks_stat": 0.00686106346483705,
    "p_value": 1.0,
    "shifted": false
  },
  "slope_flat": {
    "ks_stat": 0.12947194315118843,
    "p_value": 0.00902791041838738,
    "shifted": true
  },
  "slope_upsloping": {
    "ks_stat": 0.12261087968635138,
    "p_value": 0.015701624717029978,
    "shifted": true
  },
  "thal_fixed defect": {
    "ks_stat": 0.006432246998284734,
    "p_value": 1.0,
    "shifted": false
  },
  "thal_normal": {
    "ks_stat": 0.2620374908110757,
    "p_value": 4.97223551317163e-10,
    "shifted": true
  },
  "thal_reversable defect": {
    "ks_stat": 0.255605243812791,
    "p_value": 1.4653746701181222e-09,
    "shifted": true
  },
  "ca_0.0": {
    "ks_stat": 0.392826513109532,
    "p_value": 2.650092016633885e-22,
    "shifted": true
  },
  "ca_1.0": {
    "ks_stat": 0.2231683410928694,
    "p_value": 2.2238928340218296e-07,
    "shifted": true
  },
  "ca_2.0": {
    "ks_stat": 0.11305439843175692,
    "p_value": 0.03227916179307042,
    "shifted": true
  },
  "ca_3.0": {
    "ks_stat": 0.05660377358490566,
    "p_value": 0.6669274984137451,
    "shifted": false
  }
}